{
    "projectId": "687f272b000830a4ded8",
    "endpoint": "https://nyc.cloud.appwrite.io/v1",
    "projectName": "tata-lead-genct",
    "settings": {
        "services": {
            "account": true,
            "avatars": true,
            "databases": true,
            "locale": true,
            "health": true,
            "storage": true,
            "teams": true,
            "users": true,
            "sites": true,
            "functions": true,
            "graphql": true,
            "messaging": true
        },
        "auth": {
            "methods": {
                "jwt": true,
                "phone": true,
                "invites": true,
                "anonymous": true,
                "email-otp": true,
                "magic-url": true,
                "email-password": true
            },
            "security": {
                "duration": 31536000,
                "limit": 0,
                "sessionsLimit": 10,
                "passwordHistory": 0,
                "passwordDictionary": false,
                "personalDataCheck": false,
                "sessionAlerts": false,
                "mockNumbers": []
            }
        }
    },
    "databases": [
        {
            "$id": "687f278f00353df5ecf2",
            "name": "Leads DB",
            "enabled": true
        }
    ],
    "collections": [
        {
            "$id": "687f27b90003f46014dd",
            "$permissions": [
                "create(\"any\")",
                "read(\"any\")",
                "update(\"any\")"
            ],
            "databaseId": "687f278f00353df5ecf2",
            "name": "leads",
            "enabled": true,
            "documentSecurity": false,
            "attributes": [
                {
                    "key": "opportunityName",
                    "type": "string",
                    "required": true,
                    "array": false,
                    "size": 20,
                    "default": null,
                    "encrypt": false
                },
                {
                    "key": "salesTeam",
                    "type": "string",
                    "required": true,
                    "array": false,
                    "size": 25,
                    "default": null,
                    "encrypt": false
                },
                {
                    "key": "productVC",
                    "type": "string",
                    "required": true,
                    "array": false,
                    "size": 25,
                    "default": null,
                    "encrypt": false
                },
                {
                    "key": "customerName",
                    "type": "string",
                    "required": true,
                    "array": false,
                    "size": 25,
                    "default": null,
                    "encrypt": false
                },
                {
                    "key": "phone",
                    "type": "string",
                    "required": true,
                    "array": false,
                    "size": 35,
                    "default": null,
                    "encrypt": false
                },
                {
                    "key": "model",
                    "type": "string",
                    "required": true,
                    "array": false,
                    "size": 20,
                    "default": null,
                    "encrypt": false
                },
                {
                    "key": "parentProductLine",
                    "type": "string",
                    "required": true,
                    "array": false,
                    "size": 30,
                    "default": null,
                    "encrypt": false
                },
                {
                    "key": "productLine",
                    "type": "string",
                    "required": true,
                    "array": false,
                    "size": 30,
                    "default": null,
                    "encrypt": false
                },
                {
                    "key": "sentAt",
                    "type": "datetime",
                    "required": false,
                    "array": false,
                    "format": "",
                    "default": null
                },
                {
                    "key": "status",
                    "type": "string",
                    "required": false,
                    "array": false,
                    "size": 30,
                    "default": null,
                    "encrypt": false
                },
                {
                    "key": "likelihood",
                    "type": "string",
                    "required": false,
                    "array": false,
                    "size": 30,
                    "default": null,
                    "encrypt": false
                },
                {
                    "key": "chatHistory",
                    "type": "string",
                    "required": false,
                    "array": false,
                    "size": 10000,
                    "default": null,
                    "encrypt": false
                },
                {
                    "key": "summary",
                    "type": "string",
                    "required": false,
                    "array": false,
                    "size": 5000,
                    "default": null,
                    "encrypt": false
                }
            ],
            "indexes": []
        }
    ],
    "functions": [
        {
            "$id": "6880df2e000f23cada66",
            "name": "uploadAndSendInitialMessages",
            "runtime": "node-18.0",
            "specification": "s-0.5vcpu-512mb",
            "execute": [
                "any"
            ],
            "events": [],
            "scopes": [
                "users.read"
            ],
            "schedule": "",
            "timeout": 15,
            "enabled": true,
            "logging": true,
            "entrypoint": "src/main.js",
            "commands": "npm install",
            "path": "functions/uploadAndSendInitialMessages"
        },
        {
            "$id": "6880df6d001d7dee9e89",
            "name": "whatsAppWebhook",
            "runtime": "node-18.0",
            "specification": "s-0.5vcpu-512mb",
            "execute": [
                "any"
            ],
            "events": [],
            "scopes": [
                "users.read"
            ],
            "schedule": "",
            "timeout": 15,
            "enabled": true,
            "logging": true,
            "entrypoint": "src/main.js",
            "commands": "npm install",
            "path": "functions/whatsAppWebhook"
        }
    ]
}